# Extra examples for the Qwen profiles (max, standard), which opt in with an
# "# examples:" line in their profile. They fix self-corrections, email layout,
# and spoken URLs on Qwen3.5 but made granite3.3:2b answer more requests.
# Same format as examples.tsv.
move the standup to nine sorry I meant ten	Move the standup to ten.
no that's fine just leave it as is	No, that's fine, just leave it as is.
hi lisa the invoice is attached let me know if you have questions best regards tom	Hi Lisa,\n\nThe invoice is attached. Let me know if you have questions.\n\nBest regards,\nTom
hey chris thanks for the update cheers	Hey Chris, thanks for the update. Cheers.
the repo is on gitlab dot com slash team slash app	The repo is on gitlab.com/team/app.
email me at jo at acme dot io	Email me at jo@acme.io.
